{"cameraMode":{"drawMode":0,"name":"Shaded","section":"Shading Mode"},"sceneLighting":true,"audioPlay":false,"sceneViewState":{"m_AlwaysRefresh":false,"showFog":true,"showSkybox":true,"showFlares":true,"showImageEffects":true,"showParticleSystems":true,"showVisualEffectGraphs":true,"m_FxEnabled":true},"in2DMode":false,"pivot":{"x":23.157907485961915,"y":-13.46284008026123,"z":4.816468238830566},"rotation":{"x":0.2481810450553894,"y":0.24968339502811433,"z":-0.06635966897010803,"w":0.9336462616920471},"size":30.304227828979493,"orthographic":false}